"245 E 117th St, New York, NY 10035, USA","245","E 117th St","New York","NY","US","10035",40.7981038,-73.93768639999999
"245 E 124th St, New York, NY 10035, USA","245","E 124th St","New York","NY","US","10035",40.80247139999999,-73.9344897
"245 E 40th St, New York, NY 10016, USA","245","E 40th St","New York","NY","US","10016",40.7488566,-73.9732339
"245 E 44th St, New York, NY 10017, USA","245","E 44th St","New York","NY","US","10017",40.7516375,-73.9717605
"245 E 57th St, New York, NY 10022, USA","245","E 57th St","New York","NY","US","10022",40.7597239,-73.9656176
"245 E 77th St, New York, NY 10021, USA","245","E 77th St","New York","NY","US","10021",40.7724575,-73.95660269999999
"246 E 45th St, New York, NY 10017, USA","246","E 45th St","New York","NY","US","10017",40.7518475,-73.97134830000002
"246 E 4th St, New York, NY 10009, USA","246","E 4th St","New York","NY","US","10009",40.7230163,-73.98228689999999
"247 E 78th St, New York, NY 10075, USA","247","E 78th St","New York","NY","US","10075",40.7730652,-73.9562888
"247 W 87th St, New York, NY 10024, USA","247","W 87th St","New York","NY","US","10024",40.788883,-73.9755519
"2474 Broadway, New York, NY 10025, USA","2474","Broadway","New York","NY","US","10025",40.7918666,-73.97347239999999
"2475 Frederick Douglass Blvd, New York, NY 10027, USA","2475","Frederick Douglass Blvd","New York","NY","US","10027",40.8150947,-73.947994
"248 E 49th St, Brooklyn, NY 11203, USA","248","E 49th St","undefined","NY","US","11203",40.656071,-73.932132
"2484 Broadway, New York, NY 10025, USA","2484","Broadway","New York","NY","US","10025",40.7922365,-73.9731369
"2487 Broadway, New York, NY 10025, USA","2487","Broadway","New York","NY","US","10025",40.7925148,-73.9737997
"249 W 18th St, New York, NY 10011, USA","249","W 18th St","New York","NY","US","10011",40.7420687,-73.9998549
"25 Broad St, New York, NY 10004, USA","25","Broad St","New York","NY","US","10004",40.7060887,-74.0111372
"25 Malcolm X Blvd, Brooklyn, NY 11221, USA","25","Malcolm X Blvd","undefined","NY","US","11221",40.6935209,-73.930881
"25 St James Pl, New York, NY 10038, USA","25","St James Pl","New York","NY","US","10038",40.7113217,-73.99952739999999
"25 Waterside Plaza, New York, NY 10010, USA","25","Waterside Plaza","New York","NY","US","10010",40.7372562,-73.9739185
"250 8th Ave, New York, NY 10011, USA","250","8th Ave","New York","NY","US","10011",40.7449442,-73.99838559999999
"250 E 40th St, New York, NY 10016, USA","250","E 40th St","New York","NY","US","10016",40.7484906,-73.9736435
"250 E 90th St, New York, NY 10128, USA","250","E 90th St","New York","NY","US","10128",40.78046499999999,-73.9502449
"250 E Houston St, New York, NY 10002, USA","250","E Houston St","New York","NY","US","10002",40.7221223,-73.98496399999999
"250 W 50th St, New York, NY 10019, USA","250","W 50th St","New York","NY","US","10019",40.7618477,-73.9858466
"250 W 88th St, New York, NY 10024, USA","250","W 88th St","New York","NY","US","10024",40.7896779,-73.9760132
"251 Broome St, New York, NY 10002, USA","251","Broome St","New York","NY","US","10002",40.7179112,-73.9900274
"251 W 116th St, New York, NY 10026, USA","251","W 116th St","New York","NY","US","10026",40.8043523,-73.9545749
"251 W 85th St, New York, NY 10024, USA","251","W 85th St","New York","NY","US","10024",40.7879977,-73.9774279
"251 W 87th St, New York, NY 10024, USA","251","W 87th St","New York","NY","US","10024",40.78926930000001,-73.97619259999999
"251 W 91st St, New York, NY 10024, USA","251","W 91st St","New York","NY","US","10024",40.79173970000001,-73.9744247
"251 W 93rd St, New York, NY 10025, USA","251","W 93rd St","New York","NY","US","10025",40.7930298,-73.9735938

"2512 Broadway, New York, NY 10025, USA","2512","Broadway","New York","NY","US","10025",40.79299,-73.972381
"252 E 84th St, New York, NY 10028, USA","252","E 84th St","New York","NY","US","10028",40.7765651,-73.9529989
"252 W 108th St, New York, NY 10025, USA","252","W 108th St","New York","NY","US","10025",40.8026096,-73.967106
"252 W 72nd St, New York, NY 10023, USA","252","W 72nd St","New York","NY","US","10023",40.7792881,-73.98382830000001
"2528 Broadway, New York, NY 10025, USA","2528","Broadway","New York","NY","US","10025",40.7934623,-73.9719843

"2529 Frederick Douglass Blvd, New York, NY 10030, USA","2529","Frederick Douglass Blvd","New York","NY","US","10030",40.8168641,-73.9466133
"254 E 122nd St, New York, NY 10035, USA","254","E 122nd St","New York","NY","US","10035",40.80077360000001,-73.9349038
"254 3rd Ave, New York, NY 10010, USA","254","3rd Ave","New York","NY","US","10010",40.73745,-73.984506
"254 W 35th St, New York, NY 10001, USA","254","W 35th St","New York","NY","US","10001",40.7523861,-73.99241669999999
"2541 Adam Clayton Powell Jr Blvd, New York, NY 10039, USA","2541","Adam Clayton Powell Jr Blvd","New York","NY","US","10039",40.8230198,-73.9375549
"256 W 15th St, New York, NY 10011, USA","256","W 15th St","New York","NY","US","10011",40.740029,-74.0015952
"256 W 81st St, New York, NY 10024, USA","256","W 81st St","New York","NY","US","10024",40.7852823,-73.9795511
"258 W 16th St, New York, NY 10011, USA","258","W 16th St","New York","NY","US","10011",40.7408062,-74.0012398
"2583 Broadway, New York, NY 10025, USA","2583","Broadway","New York","NY","US","10025",40.79561890000001,-73.9714447
"2592 Broadway, New York, NY 10025, USA","2592","Broadway","New York","NY","US","10025",40.7956994,-73.9706308
"2593 Frederick Douglass Blvd, New York, NY 10030, USA","2593","Frederick Douglass Blvd","New York","NY","US","10030",40.8186776,-73.9452931
"26 Rutgers St, New York, NY 10002, USA","26","Rutgers St","New York","NY","US","10002",40.71305700000001,-73.9903142
"260 Spring St, New York, NY 10013, USA","260","Spring St","New York","NY","US","10013",40.7255383,-74.0061824
"260 W 52nd St, New York, NY 10019, USA","260","W 52nd St","New York","NY","US","10019",40.7632398,-73.985005

"260 W Broadway, New York, NY 10013, USA","260","W Broadway","New York","NY","US","10013",40.7206119,-74.0056692
"2605 Broadway, New York, NY 10025, USA","2605","Broadway","New York","NY","US","10025",40.7962818,-73.971003
"262 W 22nd St, New York, NY 10011, USA","262","W 22nd St","New York","NY","US","10011",40.7442091,-73.9985025
"262 W 77th St, New York, NY 10024, USA","262","W 77th St","New York","NY","US","10024",40.782539,-73.98159
"264 Broome St, New York, NY 10002, USA","264","Broome St","New York","NY","US","10002",40.7183236,-73.99043859999999
"2644 Broadway, New York, NY 10025, USA","2644","Broadway","New York","NY","US","10025",40.79738799999999,-73.96916
"265 1st Avenue, New York, NY 10003, USA","265","1st Avenue","New York","NY","US","10003",40.7324094,-73.98212219999999
"265 E 78th St, New York, NY 10075, USA","265","E 78th St","New York","NY","US","10075",40.772953,-73.95579730000001
"2655 Broadway, New York, NY 10025, USA","2655","Broadway","New York","NY","US","10025",40.7978355,-73.96978349999999
"266 W 135th St, New York, NY 10030, USA","266","W 135th St","New York","NY","US","10030",40.8159794,-73.9460423
"266 W 72nd St, New York, NY 10023, USA","266","W 72nd St","New York","NY","US","10023",40.7795081,-73.9841761
"267 W 15th St, New York, NY 10011, USA","267","W 15th St","New York","NY","US","10011",40.740366,-74.0015727
"2675 Broadway, New York, NY 10025, USA","2675","Broadway","New York","NY","US","10025",40.79849939999999,-73.9693477
"268 W 145th St, New York, NY 10039, USA","268","W 145th St","New York","NY","US","10039",40.82239080000001,-73.9415472
"270 St Nicholas Ave, Brooklyn, NY 11237, USA","270","St Nicholas Ave","undefined","NY","US","11237",40.701909,-73.91271499999999
"2707 Frederick Douglass Blvd, New York, NY 10030, USA","2707","Frederick Douglass Blvd","New York","NY","US","10030",40.822188,-73.9427284
"271 Sherman Ave, New York, NY 10034, USA","271","Sherman Ave","New York","NY","US","10034",40.8659452,-73.9187724
"2714 Frederick Douglass Blvd, New York, NY 10030, USA","2714","Frederick Douglass Blvd","New York","NY","US","10030",40.8222641,-73.9419405
"272 E 3rd St, New York, NY 10009, USA","272","E 3rd St","New York","NY","US","10009",40.72141,-73.98052539999999
"2725 Broadway, Brooklyn, NY 11207, USA","2725","Broadway","undefined","NY","US","11207",40.67712480000001,-73.9003678
"2749 Broadway, Brooklyn, NY 11207, USA","2749","Broadway","undefined","NY","US","11207",40.67712480000001,-73.9003678
"275 Greenwich St, New York, NY 10007, USA","275","Greenwich St","New York","NY","US","10007",40.71516280000001,-74.0108719
"2766 Broadway, Brooklyn, NY 11207, USA","2766","Broadway","undefined","NY","US","11207",40.677102,-73.90039039999999
"2783 Broadway, Brooklyn, NY 11207, USA","2783","Broadway","undefined","NY","US","11207",40.67712480000001,-73.9003678
"2785 Broadway, Brooklyn, NY 11207, USA","2785","Broadway","undefined","NY","US","11207",40.67712480000001,-73.9003678
"2785 Frederick Douglass Blvd, New York, NY 10039, USA","2785","Frederick Douglass Blvd","New York","NY","US","10039",40.8247235,-73.94091689999999
"28 E 22nd St, New York, NY 10010, USA","28","E 22nd St","New York","NY","US","10010",40.73983199999999,-73.98816699999999
"28 Orchard St, New York, NY 10002, USA","28","Orchard St","New York","NY","US","10002",40.7155309,-73.9913029
"280 3rd Ave, New York, NY 10010, USA","280","3rd Ave","New York","NY","US","10010",40.738135,-73.9839671
"2815 Frederick Douglass Blvd, New York, NY 10039, USA","2815","Frederick Douglass Blvd","New York","NY","US","10039",40.8259529,-73.93998830000001
"282 11th Ave, New York, NY 10001, USA","282","11th Ave","New York","NY","US","10001",40.7522422,-74.004166
"282 Audubon Ave, New York, NY 10033, USA","282","Audubon Ave","New York","NY","US","10033",40.8477195,-73.9333971
"2823 Broadway, Brooklyn, NY 11207, USA","2823","Broadway","undefined","NY","US","11207",40.67712480000001,-73.9003678
"285 Amsterdam Ave, New York, NY 10023, USA","285","Amsterdam Ave","New York","NY","US","10023",40.7795163,-73.98074249999999
"286 E 10th St, New York, NY 10009, USA","286","E 10th St","New York","NY","US","10009",40.7279297,-73.9828455
"2881 Broadway, Brooklyn, NY 11207, USA","2881","Broadway","undefined","NY","US","11207",40.67712480000001,-73.9003678
"29 John St, New York, NY 10038, USA","29","John St","New York","NY","US","10038",40.70975789999999,-74.0085458
"29 W 21st St, New York, NY 10010, USA","29","W 21st St","New York","NY","US","10010",40.74111039999999,-73.9919744
"291 Mercer St, New York, NY 10003, USA","291","Mercer St","New York","NY","US","10003",40.7302074,-73.9939991
"2916 Frederick Douglass Blvd, New York, NY 10039, USA","2916","Frederick Douglass Blvd","New York","NY","US","10039",40.8285513,-73.9373298
"292 8th Ave, New York, NY 10001, USA","292","8th Ave","New York","NY","US","10001",40.7463231,-73.9974372
"293 Amsterdam Ave, New York, NY 10023, USA","293","Amsterdam Ave","New York","NY","US","10023",40.7797466,-73.9806162
"296 West 4th Street, New York, NY 10014, USA","296","West 4th Street","New York","NY","US","10014",40.7366793,-74.0038185
"297 E 84th St, New York, NY 10028, USA","297","E 84th St","New York","NY","US","10028",40.77661669999999,-73.9527926
"297 Park Ave S, New York, NY 10010, USA","297","Park Ave S","New York","NY","US","10010",40.73987839999999,-73.98632409999999
"298 Mulberry St, New York, NY 10012, USA","298","Mulberry St","New York","NY","US","10012",40.7251339,-73.9945784
"299 Broadway, Brooklyn, NY 11211, USA","299","Broadway","undefined","NY","US","11211",40.7085149,-73.9576527
"299 Broome St, New York, NY 10002, USA","299","Broome St","New York","NY","US","10002",40.7185251,-73.9922332
"299 E 11th St, New York, NY 10003, USA","299","E 11th St","New York","NY","US","10003",40.7303486,-73.98602029999999
"30 Ann St, New York, NY 10038, USA","30","Ann St","New York","NY","US","10038",40.7106473,-74.0076802
"30 Cornelia St, Brooklyn, NY 11221, USA","30","Cornelia St","undefined","NY","US","11221",40.688009,-73.91727
"30 E 13th St, New York, NY 10003, USA","30","E 13th St","New York","NY","US","10003",40.7345991,-73.9928335
"30 E 81st St, New York, NY 10028, USA","30","E 81st St","New York","NY","US","10028",40.77731379999999,-73.9608621
"30 River Rd, New York, NY 10044, USA","30","River Rd","New York","NY","US","10044",40.7659837,-73.9469963
"30 Rockefeller Plaza, New York, NY 10112, USA","30","Rockefeller Plaza","New York","NY","US","10112",40.7589632,-73.97933739999999
"30 University Pl, New York, NY 10003, USA","30","University Pl","New York","NY","US","10003",40.7319402,-73.99467159999999
"300 E 40th St, New York, NY 10016, USA","300","E 40th St","New York","NY","US","10016",40.7480791,-73.9730072
"300 E 69th St, New York, NY 10065, USA","300","E 69th St","New York","NY","US","10065",40.76667700000001,-73.95960219999999
"300 E 81st St, New York, NY 10028, USA","300","E 81st St","New York","NY","US","10028",40.77442619999999,-73.9538197
"300 E 82nd St, New York, NY 10028, USA","300","E 82nd St","New York","NY","US","10028",40.7750727,-73.9534283
"300 E 91st St, New York, NY 10128, USA","300","E 91st St","New York","NY","US","10128",40.78083299999999,-73.94922129999999
"300 Rector Pl, New York, NY 10280, USA","300","Rector Pl","New York","NY","US","10280",40.7089922,-74.0173477
"300 W 133rd St, New York, NY 10030, USA","300","W 133rd St","New York","NY","US","10030",40.815225,-73.947848
"301 E 48th St, New York, NY 10017, USA","301","E 48th St","New York","NY","US","10017",40.7537384,-73.9689917
"301 W 56th St, New York, NY 10019, USA","301","W 56th St","New York","NY","US","10019",40.7663258,-73.98362949999999
"301 E 76th St, New York, NY 10021, USA","301","E 76th St","New York","NY","US","10021",40.77134769999999,-73.95607079999999
"301 E 85th St, New York, NY 10028, USA","301","E 85th St","New York","NY","US","10028",40.7771725,-73.95194579999999
"301 E 87th St, New York, NY 10128, USA","301","E 87th St","New York","NY","US","10128",40.7785519,-73.95064459999999
"301 E 89th St, New York, NY 10128, USA","301","E 89th St","New York","NY","US","10128",40.7797754,-73.9499501
"301 E 90th St, New York, NY 10128, USA","301","E 90th St","New York","NY","US","10128",40.78039789999999,-73.94946
"301 E 95th St, New York, NY 10128, USA","301","E 95th St","New York","NY","US","10128",40.7835139,-73.9471066
"301 Elizabeth St, New York, NY 10012, USA","301","Elizabeth St","New York","NY","US","10012",40.72472339999999,-73.99355480000001
"301 W 110th St, New York, NY 10026, USA","301","W 110th St","New York","NY","US","10026",40.8011259,-73.9585118
"301 W 118th St, New York, NY 10026, USA","301","W 118th St","New York","NY","US","10026",40.8059941,-73.95468269999999
"301 W 141st St, New York, NY 10030, USA","301","W 141st St","New York","NY","US","10030",40.8205454,-73.9440417
"302 E 52nd St, New York, NY 10022, USA","302","E 52nd St","New York","NY","US","10022",40.7558555,-73.96726249999999
"302 E 78th St, New York, NY 10075, USA","302","E 78th St","New York","NY","US","10075",40.7723327,-73.9552913
"302 W 21st St, New York, NY 10011, USA","302","W 21st St","New York","NY","US","10011",40.7440761,-73.9999352
"303 E 46th St, New York, NY 10017, USA","303","E 46th St","New York","NY","US","10017",40.7523223,-73.9698107
"304 Columbus Ave, New York, NY 10023, USA","304","Columbus Ave","New York","NY","US","10023",40.779032,-73.97786669999999
"304 E 50th St, New York, NY 10022, USA","304","E 50th St","New York","NY","US","10022",40.75460789999999,-73.9682873
"304 E 62nd St, New York, NY 10065, USA","304","E 62nd St","New York","NY","US","10065",40.7621183,-73.96254379999999
"304 E 77th St, New York, NY 10075, USA","304","E 77th St","New York","NY","US","10075",40.7716096,-73.9555716
"304 W 117th St, New York, NY 10026, USA","304","W 117th St","New York","NY","US","10026",40.80502500000001,-73.95540199999999
"304 E 11th St, New York, NY 10003, USA","304","E 11th St","New York","NY","US","10003",40.729935,-73.985899
"305 2nd Ave, New York, NY 10003, USA","305","2nd Ave","New York","NY","US","10003",40.73472659999999,-73.9836328
"305 E 84th St, New York, NY 10028, USA","305","E 84th St","New York","NY","US","10028",40.7765095,-73.952023
"306 Mott St, New York, NY 10012, USA","306","Mott St","New York","NY","US","10012",40.7250198,-73.9938406
"306 W 37th St, New York, NY 10018, USA","306","W 37th St","New York","NY","US","10018",40.7541547,-73.9927951
"3068 Broadway, Brooklyn, NY 11207, USA","3068","Broadway","undefined","NY","US","11207",40.677102,-73.90039039999999
"307 W 44th St, New York, NY 10036, USA","307","W 44th St","New York","NY","US","10036",40.758954,-73.98935039999999
"308 E 71st St, New York, NY 10021, USA","308","E 71st St","New York","NY","US","10021",40.76766369999999,-73.9583189
"308 E 94th St, New York, NY 10128, USA","308","E 94th St","New York","NY","US","10128",40.78246499999999,-73.94751099999999
"309 E 37th St, Brooklyn, NY 11203, USA","309","E 37th St","undefined","NY","US","11203",40.64956499999999,-73.9423599
"309 E 75th St, New York, NY 10021, USA","309","E 75th St","New York","NY","US","10021",40.7706537,-73.9562989
"309 E 83rd St, New York, NY 10028, USA","309","E 83rd St","New York","NY","US","10028",40.7757671,-73.9522848
"31 E 30th St, New York, NY 10016, USA","31","E 30th St","New York","NY","US","10016",40.7451576,-73.9840262
"31 Jane St, New York, NY 10014, USA","31","Jane St","New York","NY","US","10014",40.7382837,-74.00358489999999
"31 University Pl, New York, NY 10003, USA","31","University Pl","New York","NY","US","10003",40.7319465,-73.99432329999999

"310 E 93rd St, New York, NY 10128, USA","310","E 93rd St","New York","NY","US","10128",40.781805,-73.947887
"311 Lexington Ave, New York, NY 10016, USA","311","Lexington Ave","New York","NY","US","10016",40.7487042,-73.9777932
"311 W 54th St, New York, NY 10019, USA","311","W 54th St","New York","NY","US","10019",40.76531089999999,-73.984903
"312 E 50th St, New York, NY 10022, USA","312","E 50th St","New York","NY","US","10022",40.75443600000001,-73.9680939
"315 5th Ave, Brooklyn, NY 11215, USA","315","5th Ave","undefined","NY","US","11215",40.6728567,-73.9829652
"315 E 74th St, New York, NY 10021, USA","315","E 74th St","New York","NY","US","10021",40.7699153,-73.9564524
"316 Bleecker St, Brooklyn, NY 11237, USA","316","Bleecker St","undefined","NY","US","11237",40.700349,-73.9156859
"316 E 93rd St, New York, NY 10128, USA","316","E 93rd St","New York","NY","US","10128",40.781714,-73.9476679
"316 W 23rd St, New York, NY 10011, USA","316","W 23rd St","New York","NY","US","10011",40.7454212,-73.9992267
"317 E 14th St, New York, NY 10003, USA","317","E 14th St","New York","NY","US","10003",40.73220869999999,-73.9840159
"317 E 75th St, New York, NY 10021, USA","317","E 75th St","New York","NY","US","10021",40.7705145,-73.9558371
"318 E 70th St, New York, NY 10021, USA","318","E 70th St","New York","NY","US","10021",40.7668162,-73.95842999999999
"319 E 75th St, New York, NY 10021, USA","319","E 75th St","New York","NY","US","10021",40.7704829,-73.9557477
"320 E 49th St, Brooklyn, NY 11203, USA","320","E 49th St","undefined","NY","US","11203",40.654234,-73.931941
"3200 Broadway, Brooklyn, NY 11207, USA","3200","Broadway","undefined","NY","US","11207",40.677102,-73.90039039999999
"321 W 11th St, New York, NY 10014, USA","321","W 11th St","New York","NY","US","10014",40.7358323,-74.0072588
"322 Bleecker St, New York, NY 10014, USA","322","Bleecker St","New York","NY","US","10014",40.7331257,-74.0042306
"322 Columbus Ave, New York, NY 10023, USA","322","Columbus Ave","New York","NY","US","10023",40.779715,-73.977508
"322 E 39th St, New York, NY 10016, USA","322","E 39th St","New York","NY","US","10016",40.747274,-73.972662
"323 Madison St, New York, NY 10002, USA","323","Madison St","New York","NY","US","10002",40.7134618,-73.9834944
"323 W 96th St, New York, NY 10025, USA","323","W 96th St","New York","NY","US","10025",40.7958723,-73.97418189999999
"324 E 3rd St, New York, NY 10009, USA","324","E 3rd St","New York","NY","US","10009",40.7207402,-73.9786421
"324 E 73rd St, New York, NY 10021, USA","324","E 73rd St","New York","NY","US","10021",40.7687647,-73.9566898
"324 E 91st St, New York, NY 10128, USA","324","E 91st St","New York","NY","US","10128",40.7803598,-73.9481768
"324 W 49th St, New York, NY 10019, USA","324","W 49th St","New York","NY","US","10019",40.7620759,-73.9880685
"325 1st Avenue, New York, NY 10003, USA","325","1st Avenue","New York","NY","US","10003",40.73435380000001,-73.98060060000002
"325 E 48th St, New York, NY 10017, USA","325","E 48th St","New York","NY","US","10017",40.75325109999999,-73.9681073
"326 E 65th St, New York, NY 10065, USA","326","E 65th St","New York","NY","US","10065",40.7638504,-73.9606538
"328 W 34th St, New York, NY 10001, USA","328","W 34th St","New York","NY","US","10001",40.75256979999999,-73.9949978
"328 E 53rd St, New York, NY 10022, USA","328","E 53rd St","New York","NY","US","10022",40.7561402,-73.9661005
"328 E 55th St, Brooklyn, NY 11203, USA","328","E 55th St","undefined","NY","US","11203",40.64979599999999,-73.92562
"328 E 78th St, New York, NY 10075, USA","328","E 78th St","New York","NY","US","10075",40.771994,-73.9545012
"329 Amsterdam Ave, New York, NY 10023, USA","329","Amsterdam Ave","New York","NY","US","10023",40.7808931,-73.97973379999999
"33 E 1st St, New York, NY 10003, USA","33","E 1st St","New York","NY","US","10003",40.72371320000001,-73.9904713
"33 Convent Ave, New York, NY 10027, USA","33","Convent Ave","New York","NY","US","10027",40.81404999999999,-73.9529391
"33 Greenwich Ave, New York, NY 10014, USA","33","Greenwich Ave","New York","NY","US","10014",40.7346153,-74.0001686
"33 West End Ave, New York, NY 10023, USA","33","West End Ave","New York","NY","US","10023",40.7733326,-73.9901478
"330 E 38th St, New York, NY 10016, USA","330","E 38th St","New York","NY","US","10016",40.7463583,-73.9725287
"330 W 58th St, New York, NY 10019, USA","330","W 58th St","New York","NY","US","10019",40.7677126,-73.9836472
"331 Greenwich St, New York, NY 10013, USA","331","Greenwich St","New York","NY","US","10013",40.7177596,-74.01032599999999
"333 W 56th St, New York, NY 10019, USA","333","W 56th St","New York","NY","US","10019",40.7669499,-73.9851656
"333 W 57th St, New York, NY 10019, USA","333","W 57th St","New York","NY","US","10019",40.7676788,-73.9845643
"334 1st Avenue, New York, NY 10009, USA","334","1st Avenue","New York","NY","US","10009",40.7343903,-73.979742
"334 E 54th St, New York, NY 10022, USA","334","E 54th St","New York","NY","US","10022",40.7566545,-73.96550570000001
"330-334 E 65th St, New York, NY 10021, USA","330-334","E 65th St","New York","NY","US","10021",40.7635689,-73.960471
"3345 Broadway, Brooklyn, NY 11207, USA","3345","Broadway","undefined","NY","US","11207",40.67712480000001,-73.9003678
"335 1st Avenue, New York, NY 10003, USA","335","1st Avenue","New York","NY","US","10003",40.734811,-73.98040999999999
"335 E 65th St, New York, NY 10065, USA","335","E 65th St","New York","NY","US","10065",40.76392489999999,-73.96003859999999
"3357 Broadway, Brooklyn, NY 11207, USA","3357","Broadway","undefined","NY","US","11207",40.67712480000001,-73.9003678
"336 E 13th St, New York, NY 10003, USA","336","E 13th St","New York","NY","US","10003",40.73094640000001,-73.9842348
"336 E 56th St, New York, NY 10022, USA","336","E 56th St","New York","NY","US","10022",40.757889,-73.9643703
"337 E 81st St, New York, NY 10028, USA","337","E 81st St","New York","NY","US","10028",40.7742581,-73.9526794
"337 E 9th St, New York, NY 10003, USA","337","E 9th St","New York","NY","US","10003",40.728641,-73.9855159
"337 Pleasant Ave, New York, NY 10035, USA","337","Pleasant Ave","New York","NY","US","10035",40.79637690000001,-73.93251339999999
"338 E 65th St, New York, NY 10065, USA","338","E 65th St","New York","NY","US","10065",40.7635842,-73.9602772
"339 8th Ave, New York, NY 10001, USA","339","8th Ave","New York","NY","US","10001",40.74765499999999,-73.9971554
"339 E 5th St, New York, NY 10003, USA","339","E 5th St","New York","NY","US","10003",40.72621169999999,-73.9871933
"34 W 11th St, New York, NY 10011, USA","34","W 11th St","New York","NY","US","10011",40.734407,-73.996521
"34 E 7th St, New York, NY 10003, USA","34","E 7th St","New York","NY","US","10003",40.72817,-73.98913399999999
"341 E 5th St, Brooklyn, NY 11218, USA","341","E 5th St","undefined","NY","US","11218",40.64401299999999,-73.975348
"341 St Nicholas Ave, Ridgewood, NY 11385, USA","341","St Nicholas Ave","undefined","NY","US","11385",40.7006818,-73.9094844
"342 E 22nd St, New York, NY 10010, USA","342","E 22nd St","New York","NY","US","10010",40.7362481,-73.9793968
"342 E 71st St, New York, NY 10021, USA","342","E 71st St","New York","NY","US","10021",40.7670844,-73.9570059
"343 E 66th St, New York, NY 10065, USA","343","E 66th St","New York","NY","US","10065",40.76424049999999,-73.9590945
"344 Broadway, New York, NY 10013, USA","344","Broadway","New York","NY","US","10013",40.71652479999999,-74.0041109

"345 E 72nd St, New York, NY 10021, USA","345","E 72nd St","New York","NY","US","10021",40.7683216,-73.95682459999999
"3458 Broadway, Brooklyn, NY 11207, USA","3458","Broadway","undefined","NY","US","11207",40.677102,-73.90039039999999
"346 E 21st St, New York, NY 10010, USA","346","E 21st St","New York","NY","US","10010",40.73561249999999,-73.97987429999999
"346 E 63rd St, New York, NY 10065, USA","346","E 63rd St","New York","NY","US","10065",40.76211970000001,-73.9604784
"346 E 76th St, New York, NY 10021, USA","346","E 76th St","New York","NY","US","10021",40.7707262,-73.955452
"347 W 44th St, New York, NY 10036, USA","347","W 44th St","New York","NY","US","10036",40.7595979,-73.99080570000001
"347 W 53rd St, New York, NY 10019, USA","347","W 53rd St","New York","NY","US","10019",40.7651562,-73.9866475
"3476 Broadway, Brooklyn, NY 11207, USA","3476","Broadway","undefined","NY","US","11207",40.677102,-73.90039039999999
"348 E 62nd St, New York, NY 10065, USA","348","E 62nd St","New York","NY","US","10065",40.7615977,-73.9614117
"348 E 66th St, New York, NY 10065, USA","348","E 66th St","New York","NY","US","10065",40.7640682,-73.95944469999999
"349 E 61st St, New York, NY 10065, USA","349","E 61st St","New York","NY","US","10065",40.7612809,-73.961461
"35 Allen St, New York, NY 10002, USA","35","Allen St","New York","NY","US","10002",40.7159865,-73.99234009999999
"350 E 20th St, New York, NY 10003, USA","350","E 20th St","New York","NY","US","10003",40.73510929999999,-73.9804415
"350 E 67th St, New York, NY 10065, USA","350","E 67th St","New York","NY","US","10065",40.7646397,-73.9587363
"350 W 37th St, New York, NY 10018, USA","350","W 37th St","New York","NY","US","10018",40.7548237,-73.99438549999999
"3507 Broadway, Brooklyn, NY 11207, USA","3507","Broadway","undefined","NY","US","11207",40.67712480000001,-73.9003678
"351 3rd Ave, New York, NY 10010, USA","351","3rd Ave","New York","NY","US","10010",40.740531,-73.98174569999999
"351 E 18th St, New York, NY 10003, USA","351","E 18th St","New York","NY","US","10003",40.73411389999999,-73.9810778
"352 E 20th St, New York, NY 10003, USA","352","E 20th St","New York","NY","US","10003",40.7350772,-73.98033079999999
"353 3rd Ave, New York, NY 10010, USA","353","3rd Ave","New York","NY","US","10010",40.7404969,-73.9816199
"353 E 77th St, New York, NY 10075, USA","353","E 77th St","New York","NY","US","10075",40.7713155,-73.95397659999999
"353 E 78th St, New York, NY 10075, USA","353","E 78th St","New York","NY","US","10075",40.772096,-73.95358399999999
"354 E 81st St, New York, NY 10028, USA","354","E 81st St","New York","NY","US","10028",40.7737182,-73.952264
"355 E 23rd St, New York, NY 10010, USA","355","E 23rd St","New York","NY","US","10010",40.737393,-73.979095
"355 East 86th St, New York, NY 10028, USA","355","East 86th St","New York","NY","US","10028",40.777262,-73.9496997
"356 9th Ave, New York, NY 10001, USA","356","9th Ave","New York","NY","US","10001",40.75107729999999,-73.99781639999999

"356 W 57th St, New York, NY 10019, USA","356","W 57th St","New York","NY","US","10019",40.7675993,-73.9853834
"356 W 57th St, New York, NY 10019, USA","356","W 57th St","New York","NY","US","10019",40.7675993,-73.9853834
"357 68th St, Brooklyn, NY 11220, USA","357","68th St","undefined","NY","US","11220",40.635928,-74.023972
"3570 Broadway, Brooklyn, NY 11207, USA","3570","Broadway","undefined","NY","US","11207",40.677102,-73.90039039999999
"358 E 51st St, Brooklyn, NY 11203, USA","358","E 51st St","undefined","NY","US","11203",40.6530241,-73.92979389999999
"358 W 47th St, New York, NY 10036, USA","358","W 47th St","New York","NY","US","10036",40.7613127,-73.9899748
"359 E 105th St, New York, NY 10029, USA","359","E 105th St","New York","NY","US","10029",40.7892392,-73.9409333
"359 W 45th St, New York, NY 10001, USA","359","W 45th St","New York","NY","US","10001",40.76030189999999,-73.9907769
"360 W 43rd St, New York, NY 10036, USA","360","W 43rd St","New York","NY","US","10036",40.75870209999999,-73.9916327
"3607 Broadway, Brooklyn, NY 11207, USA","3607","Broadway","undefined","NY","US","11207",40.67712480000001,-73.9003678
"361 Malcolm X Blvd, Brooklyn, NY 11233, USA","361","Malcolm X Blvd","undefined","NY","US","11233",40.6792678,-73.929052
"363 1st Avenue, New York, NY 10010, USA","363","1st Avenue","New York","NY","US","10010",40.7358613,-73.9795814
"364 W 23rd St, New York, NY 10011, USA","364","W 23rd St","New York","NY","US","10011",40.7461794,-74.0010721
"3643 Broadway, Brooklyn, NY 11207, USA","3643","Broadway","undefined","NY","US","11207",40.67712480000001,-73.9003678
"365 E 62nd St, New York, NY 10065, USA","365","E 62nd St","New York","NY","US","10065",40.7617556,-73.960846
"3656 Broadway, Brooklyn, NY 11207, USA","3656","Broadway","undefined","NY","US","11207",40.677102,-73.90039039999999
"3675 Broadway, Brooklyn, NY 11207, USA","3675","Broadway","undefined","NY","US","11207",40.67712480000001,-73.9003678
"37 Henry St, Brooklyn, NY 11201, USA","37","Henry St","undefined","NY","US","11201",40.6996669,-73.9917281
"37 Wall St, New York, NY 10005, USA","37","Wall St","New York","NY","US","10005",40.70648000000001,-74.0101672
"370 Malcolm X Blvd, New York, NY 10027, USA","370","Malcolm X Blvd","New York","NY","US","10027",40.8099917,-73.9434895
"372 2nd Ave, New York, NY 10010, USA","372","2nd Ave","New York","NY","US","10010",40.73672140000001,-73.98133179999999
"376 3rd Ave, New York, NY 10016, USA","376","3rd Ave","New York","NY","US","10016",40.7415643,-73.9815081
"376 Amsterdam Ave, New York, NY 10024, USA","376","Amsterdam Ave","New York","NY","US","10024",40.7823726,-73.9791626
"3767 Broadway, Brooklyn, NY 11207, USA","3767","Broadway","undefined","NY","US","11207",40.67712480000001,-73.9003678
"379 1st Avenue, New York, NY 10010, USA","379","1st Avenue","New York","NY","US","10010",40.7364816,-73.9791426
"3802 Broadway, Brooklyn, NY 11207, USA","3802","Broadway","undefined","NY","US","11207",40.677102,-73.90039039999999
"383 Amsterdam Ave, New York, NY 10024, USA","383","Amsterdam Ave","New York","NY","US","10024",40.7827993,-73.97818629999999
"384 3rd Ave, New York, NY 10016, USA","384","3rd Ave","New York","NY","US","10016",40.7418327,-73.9813999
"384 Broome St, New York, NY 10013, USA","384","Broome St","New York","NY","US","10013",40.7206081,-73.9965332
"3850 Broadway, Brooklyn, NY 11207, USA","3850","Broadway","undefined","NY","US","11207",40.677102,-73.90039039999999
"3875 Broadway, Brooklyn, NY 11207, USA","3875","Broadway","undefined","NY","US","11207",40.67712480000001,-73.9003678
"3889 Broadway, Brooklyn, NY 11207, USA","3889","Broadway","undefined","NY","US","11207",40.67712480000001,-73.9003678
"39 E 65th St, New York, NY 10065, USA","39","E 65th St","New York","NY","US","10065",40.7672154,-73.96791189999999
"390 2nd Ave, New York, NY 10010, USA","390","2nd Ave","New York","NY","US","10010",40.7373795,-73.98098879999999
"3905 Broadway, Brooklyn, NY 11207, USA","3905","Broadway","undefined","NY","US","11207",40.67712480000001,-73.9003678
"395 Greenwich St, New York, NY 10013, USA","395","Greenwich St","New York","NY","US","10013",40.72053389999999,-74.0097487
"4 Columbus Ave, New York, NY 10023, USA","4","Columbus Ave","New York","NY","US","10023",40.7693428,-73.9847028
"4 Morton St, New York, NY 10014, USA","4","Morton St","New York","NY","US","10014",40.7313282,-74.00332759999999
"4 Park Ave, New York, NY 10016, USA","4","Park Ave","New York","NY","US","10016",40.7467444,-73.9820939
"4 E 23rd St, New York, NY 10010, USA","4","E 23rd St","New York","NY","US","10010",40.7411633,-73.9886985
"4 W 63rd St, New York, NY 10023, USA","4","W 63rd St","New York","NY","US","10023",40.7705729,-73.98044829999999
"40 New St, New York, NY 10004, USA","40","New St","New York","NY","US","10004",40.7060473,-74.0121147
"400 Chambers St, New York, NY 10282, USA","400","Chambers St","New York","NY","US","10282",40.71771140000001,-74.0150499
"400 E 64th St, New York, NY 10065, USA","400","E 64th St","New York","NY","US","10065",40.7624849,-73.9593726
"400 E 74th St, New York, NY 10021, USA","400","E 74th St","New York","NY","US","10021",40.76883959999999,-73.9546917
"400 E 80th St, New York, NY 10075, USA","400","E 80th St","New York","NY","US","10075",40.7727823,-73.95192279999999
"400 E 23rd St, New York, NY 10010, USA","400","E 23rd St","New York","NY","US","10010",40.7364848,-73.9783267
"401 3rd Ave, New York, NY 10016, USA","401","3rd Ave","New York","NY","US","10016",40.7421574,-73.9804877
"401 E 58th St, New York, NY 10022, USA","401","E 58th St","New York","NY","US","10022",40.758918,-73.9620114
"401 E 79th St, New York, NY 10075, USA","401","E 79th St","New York","NY","US","10075",40.77235280000001,-73.95222439999999
"401 E 83rd St, New York, NY 10028, USA","401","E 83rd St","New York","NY","US","10028",40.7748833,-73.9503945
"401 Malcolm X Blvd, New York, NY 10027, USA","401","Malcolm X Blvd","New York","NY","US","10027",40.8111404,-73.94334719999999
"403 E 8th St, New York, NY 10009, USA","403","E 8th St","New York","NY","US","10009",40.7238718,-73.97619449999999
"4031 Broadway, Brooklyn, NY 11207, USA","4031","Broadway","undefined","NY","US","11207",40.67712480000001,-73.9003678
"404 E 69th St, New York, NY 10021, USA","404","E 69th St","New York","NY","US","10021",40.76561839999999,-73.9571615
"404 E 73rd St, New York, NY 10021, USA","404","E 73rd St","New York","NY","US","10021",40.7680836,-73.9550711
"404 W 46th St, New York, NY 10036, USA","404","W 46th St","New York","NY","US","10036",40.761005,-73.991423
"405 Grand St, New York, NY 10002, USA","405","Grand St","New York","NY","US","10002",40.71587199999999,-73.98725189999999

"405 Lexington Ave, New York, NY 10174, USA","405","Lexington Ave","New York","NY","US","10174",40.75165020000001,-73.975353
"405 W 23rd St, New York, NY 10011, USA","405","W 23rd St","New York","NY","US","10011",40.7469358,-74.0017101
"4057 Broadway, Brooklyn, NY 11207, USA","4057","Broadway","undefined","NY","US","11207",40.67712480000001,-73.9003678
"406 3rd Ave, Brooklyn, NY 11215, USA","406","3rd Ave","undefined","NY","US","11215",40.673315,-73.989847
"409 Amsterdam Ave, New York, NY 10024, USA","409","Amsterdam Ave","New York","NY","US","10024",40.7834351,-73.97774559999999
"409 E 55th St, Brooklyn, NY 11203, USA","409","E 55th St","undefined","NY","US","11203",40.6477437,-73.92500059999999
"4091 Broadway, Brooklyn, NY 11207, USA","4091","Broadway","undefined","NY","US","11207",40.67712480000001,-73.9003678
"41 E 58th St, New York, NY 10022, USA","41","E 58th St","New York","NY","US","10022",40.7629551,-73.9712984
"41 W 86th St, New York, NY 10024, USA","41","W 86th St","New York","NY","US","10024",40.78627669999999,-73.97102149999999
"410 E 59th St, New York, NY 10022, USA","410","E 59th St","New York","NY","US","10022",40.7591418,-73.9613797
"410 W 110th St, New York, NY 10025, USA","410","W 110th St","New York","NY","US","10025",40.80175619999999,-73.96150949999999
"410 W 24th St, New York, NY 10011, USA","410","W 24th St","New York","NY","US","10011",40.7472085,-74.0013378
"4123 Broadway, Brooklyn, NY 11207, USA","4123","Broadway","undefined","NY","US","11207",40.67712480000001,-73.9003678
"4126 Broadway, Brooklyn, NY 11207, USA","4126","Broadway","undefined","NY","US","11207",40.677102,-73.90039039999999
"413 W 58th St, New York, NY 10019, USA","413","W 58th St","New York","NY","US","10019",40.7690963,-73.9860107
"414 E 58th St, New York, NY 10022, USA","414","E 58th St","New York","NY","US","10022",40.7584761,-73.9617964
"414 E 73rd St, New York, NY 10021, USA","414","E 73rd St","New York","NY","US","10021",40.7679176,-73.9546795
"415 E 37th St, New York, NY 10016, USA","415","E 37th St","New York","NY","US","10016",40.7456286,-73.971305
"418 Broadway, New York, NY 10013, USA","418","Broadway","New York","NY","US","10013",40.7192561,-74.0015123
"420 2nd Ave, New York, NY 10010, USA","420","2nd Ave","New York","NY","US","10010",40.7386424,-73.9799267
"421 E 65th St, New York, NY 10065, USA","421","E 65th St","New York","NY","US","10065",40.7630676,-73.9579945
"421 E 72nd St, New York, NY 10021, USA","421","E 72nd St","New York","NY","US","10021",40.7675731,-73.9547815
"421 E 73rd St, New York, NY 10021, USA","421","E 73rd St","New York","NY","US","10021",40.7681528,-73.9541892
"421 Hudson St, New York, NY 10014, USA","421","Hudson St","New York","NY","US","10014",40.7299052,-74.0071844
"423 9th Ave, New York, NY 10001, USA","423","9th Ave","New York","NY","US","10001",40.7533,-73.996737
"424 E 82nd St, New York, NY 10028, USA","424","E 82nd St","New York","NY","US","10028",40.773499,-73.94999899999999
"425 2nd Ave, New York, NY 10010, USA","425","2nd Ave","New York","NY","US","10010",40.7388601,-73.9804923
"425 Park Ave S, New York, NY 10016, USA","425","Park Ave S","New York","NY","US","10016",40.74401779999999,-73.9832598
"426 E 14th St, New York, NY 10009, USA","426","E 14th St","New York","NY","US","10009",40.7305328,-73.98135789999999
"43 Clinton St, Brooklyn, NY 11201, USA","43","Clinton St","undefined","NY","US","11201",40.69494299999999,-73.9917541
"430 3rd Ave, New York, NY 10016, USA","430","3rd Ave","New York","NY","US","10016",40.7432327,-73.9803326
"430 E 72nd St, New York, NY 10021, USA","430","E 72nd St","New York","NY","US","10021",40.7669302,-73.9545682
"4305 Broadway, Brooklyn, NY 11207, USA","4305","Broadway","undefined","NY","US","11207",40.67682689999999,-73.90003039999999
"432 Amsterdam Ave, New York, NY 10024, USA","432","Amsterdam Ave","New York","NY","US","10024",40.7844384,-73.97777839999999
"434 Malcolm X Blvd, New York, NY 10037, USA","434","Malcolm X Blvd","New York","NY","US","10037",40.811779,-73.942082
"435 East 86th St, New York, NY 10028, USA","435","East 86th St","New York","NY","US","10028",40.77654269999999,-73.9478906

"438 3rd Ave, New York, NY 10016, USA","438","3rd Ave","New York","NY","US","10016",40.7435888,-73.9799717
"439 W 50th St, New York, NY 10019, USA","439","W 50th St","New York","NY","US","10019",40.7643488,-73.99057189999999
"44 Avenue B, New York, NY 10009, USA","44","Avenue B","New York","NY","US","10009",40.72299900000001,-73.98294829999999
"44 E 22nd St, New York, NY 10010, USA","44","E 22nd St","New York","NY","US","10010",40.7396055,-73.9875308
"440 E 75th St, New York, NY 10021, USA","440","E 75th St","New York","NY","US","10021",40.7688803,-73.95304399999999
"444 6th Ave, Brooklyn, NY 11215, USA","444","6th Ave","undefined","NY","US","11215",40.667736,-73.9845349
"444 E 14th St, New York, NY 10009, USA","444","E 14th St","New York","NY","US","10009",40.7302593,-73.9806512
"445 E 78th St, New York, NY 10075, USA","445","E 78th St","New York","NY","US","10075",40.7711094,-73.95139689999999
"4450 Broadway, Brooklyn, NY 11207, USA","4450","Broadway","undefined","NY","US","11207",40.67682689999999,-73.90003039999999
"448 E 79th St, New York, NY 10075, USA","448","E 79th St","New York","NY","US","10075",40.7713743,-73.9510088

"45 3rd Ave, New York, NY 10003, USA","45","3rd Ave","New York","NY","US","10003",40.7305005,-73.9888296
"45 8th Ave, New York, NY 10014, USA","45","8th Ave","New York","NY","US","10014",40.73847300000001,-74.004081
"45 Christopher St, New York, NY 10014, USA","45","Christopher St","New York","NY","US","10014",40.7339499,-74.0018111
"45 Grove St, New York, NY 10014, USA","45","Grove St","New York","NY","US","10014",40.7329799,-74.00425940000001

"450 E 88th St, New York, NY 10128, USA","450","E 88th St","New York","NY","US","10128",40.77732189999999,-73.9466016
"4500 Broadway, Brooklyn, NY 11207, USA","4500","Broadway","undefined","NY","US","11207",40.67682689999999,-73.90003039999999
"452 9th Ave, New York, NY 10018, USA","452","9th Ave","New York","NY","US","10018",40.7541195,-73.9954666
"454 E 84th St, New York, NY 10028, USA","454","E 84th St","New York","NY","US","10028",40.77462099999999,-73.9484401
"455 2nd Ave, New York, NY 10010, USA","455","2nd Ave","New York","NY","US","10010",40.7397289,-73.97988699999999
"455 W 34th St, New York, NY 10001, USA","455","W 34th St","New York","NY","US","10001",40.75453900000001,-73.99837219999999
"458 Malcolm X Blvd, New York, NY 10037, USA","458","Malcolm X Blvd","New York","NY","US","10037",40.8125264,-73.94145750000001
"458 Malcolm X Blvd, New York, NY 10037, USA","458","Malcolm X Blvd","New York","NY","US","10037",40.8125264,-73.94145750000001
"459 Malcolm X Blvd, New York, NY 10027, USA","459","Malcolm X Blvd","New York","NY","US","10027",40.81279599999999,-73.94225879999999
"46 8th Ave, New York, NY 10014, USA","46","8th Ave","New York","NY","US","10014",40.738268,-74.003548
"46 Avenue B, New York, NY 10009, USA","46","Avenue B","New York","NY","US","10009",40.7230844,-73.98288629999999
"46 E 8th St, New York, NY 10003, USA","46","E 8th St","New York","NY","US","10003",40.7311157,-73.9939605
"46 Grand St, Brooklyn, NY 11249, USA","46","Grand St","undefined","NY","US","11249",40.715794,-73.96558999999999
"46 Mulberry St, New York, NY 10013, USA","46","Mulberry St","New York","NY","US","10013",40.7150242,-73.99944440000002
"460 W 46th St, New York, NY 10036, USA","460","W 46th St","New York","NY","US","10036",40.7620024,-73.9934923
"461 W 49th St, New York, NY 10019, USA","461","W 49th St","New York","NY","US","10019",40.7640214,-73.9916313
"462 Hudson St, New York, NY 10014, USA","462","Hudson St","New York","NY","US","10014",40.7315448,-74.0064797
"465 Malcolm X Blvd, New York, NY 10030, USA","465","Malcolm X Blvd","New York","NY","US","10030",40.813075,-73.942129
"465 Malcolm X Blvd, New York, NY 10030, USA","465","Malcolm X Blvd","New York","NY","US","10030",40.813075,-73.942129
"469 W 57th St, New York, NY 10019, USA","469","W 57th St","New York","NY","US","10019",40.7692072,-73.9880154
"46 University Pl, New York, NY 10003, USA","46","University Pl","New York","NY","US","10003",40.7324942,-73.9942901
"47 7th Ave, New York, NY 10011, USA","47","7th Ave","New York","NY","US","10011",40.7380107,-73.9998336
"47 Clinton St, Staten Island, NY 10304, USA","47","Clinton St","undefined","NY","US","10304",40.6325314,-74.0774418
"47 Columbia St, New York, NY 10002, USA","47","Columbia St","New York","NY","US","10002",40.7170334,-73.9804458
"47 Thayer St, New York, NY 10040, USA","47","Thayer St","New York","NY","US","10040",40.8628319,-73.9266462

"477 3rd Ave, New York, NY 10016, USA","477","3rd Ave","New York","NY","US","10016",40.7444619,-73.9786161
"48 7th Ave, New York, NY 10011, USA","48","7th Ave","New York","NY","US","10011",40.738372,-74.00022799999999
"48 E 8th St, New York, NY 10003, USA","48","E 8th St","New York","NY","US","10003",40.731001,-73.9938954
"48 Hester St, New York, NY 10002, USA","48","Hester St","New York","NY","US","10002",40.7155905,-73.9904439
"48 Mulberry St, New York, NY 10013, USA","48","Mulberry St","New York","NY","US","10013",40.71515420000001,-73.9995254
"480 Park Ave, New York, NY 10022, USA","480","Park Ave","New York","NY","US","10022",40.7626386,-73.9705128
"482 Greenwich St, New York, NY 10013, USA","482","Greenwich St","New York","NY","US","10013",40.7250948,-74.0095065
"4841 Broadway, Brooklyn, NY 11207, USA","4841","Broadway","undefined","NY","US","11207",40.67682689999999,-73.90003039999999
"489 2nd Ave, New York, NY 10016, USA","489","2nd Ave","New York","NY","US","10016",40.74087,-73.97913100000001
"489 9th Ave, New York, NY 10018, USA","489","9th Ave","New York","NY","US","10018",40.75552739999999,-73.9949395
"49 1st Avenue, New York, NY 10003, USA","49","1st Avenue","New York","NY","US","10003",40.7245795,-73.987832
"49 W 72nd St, New York, NY 10023, USA","49","W 72nd St","New York","NY","US","10023",40.7774582,-73.9782571
"4915 Broadway, Queens, NY 11373, USA","4915","Broadway","undefined","NY","US","11373",40.7555128,-73.9110323
"492 Audubon Ave, New York, NY 10040, USA","492","Audubon Ave","New York","NY","US","10040",40.8542239,-73.928517
"4929 Broadway, Brooklyn, NY 11207, USA","4929","Broadway","undefined","NY","US","11207",40.67682689999999,-73.90003039999999
"495 6th Ave, New York, NY 10011, USA","495","6th Ave","New York","NY","US","10011",40.736426,-73.99773549999999
"496 LaGuardia Pl, New York, NY 10012, USA","496","LaGuardia Pl","New York","NY","US","10012",40.727498,-73.9997322
"4990 Broadway, Brooklyn, NY 11207, USA","4990","Broadway","undefined","NY","US","11207",40.67682689999999,-73.90003039999999
"5 Tudor City Pl, New York, NY 10017, USA","5","Tudor City Pl","New York","NY","US","10017",40.7479794,-73.9708635
"50 8th Ave, New York, NY 10014, USA","50","8th Ave","New York","NY","US","10014",40.73843600000001,-74.003514
"50 East End Ave, New York, NY 10028, USA","50","East End Ave","New York","NY","US","10028",40.7722054,-73.94703559999999
"50 Greenwich Ave, New York, NY 10011, USA","50","Greenwich Ave","New York","NY","US","10011",40.7357333,-74.0003132
"50 W 34th St, New York, NY 10001, USA","50","W 34th St","New York","NY","US","10001",40.749431,-73.9874758
"500 E 76th St, New York, NY 10021, USA","500","E 76th St","New York","NY","US","10021",40.7692299,-73.9515885
"500 E 81st St, New York, NY 10028, USA","500","E 81st St","New York","NY","US","10028",40.7724368,-73.9491936
"500 E 84th St, New York, NY 10028, USA","500","E 84th St","New York","NY","US","10028",40.774234,-73.947795
"500 W 188th St, New York, NY 10040, USA","500","W 188th St","New York","NY","US","10040",40.8525795,-73.9281738
"500 E 30th St, New York, NY 10016, USA","500","E 30th St","New York","NY","US","10016",40.7403386,-73.9724015
"500 W 43rd St, New York, NY 10036, USA","500","W 43rd St","New York","NY","US","10036",40.760252,-73.99539770000001

"501 W 135th St, New York, NY 10031, USA","501","W 135th St","New York","NY","US","10031",40.8192294,-73.95239939999999
"501 W 168th St, New York, NY 10032, USA","501","W 168th St","New York","NY","US","10032",40.8401757,-73.9371073
"502 W 42nd St, New York, NY 10036, USA","502","W 42nd St","New York","NY","US","10036",40.759595,-73.996095
"503 E 73rd St, New York, NY 10021, USA","503","E 73rd St","New York","NY","US","10021",40.76750800000001,-73.952581
"505 W 28th St, New York, NY 10001, USA","505","W 28th St","New York","NY","US","10001",40.75108530000001,-74.00224490000001
"506 E 82nd St, New York, NY 10028, USA","506","E 82nd St","New York","NY","US","10028",40.7728938,-73.94848809999999
"507 E 81st St, New York, NY 10028, USA","507","E 81st St","New York","NY","US","10028",40.7726066,-73.9487833
"507 Grand St, New York, NY 10002, USA","507","Grand St","New York","NY","US","10002",40.7145125,-73.98220719999999
"507 W 125th St, New York, NY 10027, USA","507","W 125th St","New York","NY","US","10027",40.813924,-73.956305
"508 Hudson St, New York, NY 10014, USA","508","Hudson St","New York","NY","US","10014",40.73332949999999,-74.00601499999999
"51 Madison St, New York, NY 10038, USA","51","Madison St","New York","NY","US","10038",40.7120628,-73.9981569
"51 University Pl, New York, NY 10003, USA","51","University Pl","New York","NY","US","10003",40.7324039,-73.9938591
"510 W 218th St, New York, NY 10034, USA","510","W 218th St","New York","NY","US","10034",40.87123760000001,-73.9148037
"511 6th Ave, New York, NY 10011, USA","511","6th Ave","New York","NY","US","10011",40.7369025,-73.9974628
"512 E 80th St, New York, NY 10075, USA","512","E 80th St","New York","NY","US","10075",40.7714876,-73.9490747
"513 Amsterdam Ave, New York, NY 10024, USA","513","Amsterdam Ave","New York","NY","US","10024",40.7867721,-73.97530979999999
"514 Amsterdam Ave, New York, NY 10024, USA","514","Amsterdam Ave","New York","NY","US","10024",40.7869391,-73.97585889999999
"514 E 6th St, New York, NY 10009, USA","514","E 6th St","New York","NY","US","10009",40.7248982,-73.98321229999999
"515 E 12th St, New York, NY 10009, USA","515","E 12th St","New York","NY","US","10009",40.7288934,-73.9804206
"518 W 145th St, New York, NY 10031, USA","518","W 145th St","New York","NY","US","10031",40.82549759999999,-73.9489337
"52 E 11th St, New York, NY 10003, USA","52","E 11th St","New York","NY","US","10003",40.7328626,-73.99281580000002
"520 2nd Ave, New York, NY 10016, USA","520","2nd Ave","New York","NY","US","10016",40.741308,-73.97808580000002
"520 3rd Ave, New York, NY 10016, USA","520","3rd Ave","New York","NY","US","10016",40.74631290000001,-73.97799169999999
"520 E 11th St, New York, NY 10009, USA","520","E 11th St","New York","NY","US","10009",40.727811,-73.980892
"521 E 72nd St, New York, NY 10021, USA","521","E 72nd St","New York","NY","US","10021",40.7665029,-73.9524809
"523 E 72nd St, New York, NY 10021, USA","523","E 72nd St","New York","NY","US","10021",40.76665570000001,-73.9522628
"523 Hudson St, New York, NY 10014, USA","523","Hudson St","New York","NY","US","10014",40.7339953,-74.0066717
"525 9th Ave, New York, NY 10018, USA","525","9th Ave","New York","NY","US","10018",40.7568259,-73.99420980000001
"526 E 82nd St, New York, NY 10028, USA","526","E 82nd St","New York","NY","US","10028",40.7726193,-73.94782
"526 Hudson St, New York, NY 10014, USA","526","Hudson St","New York","NY","US","10014",40.73405849999999,-74.00600279999999
"529 Broome St, New York, NY 10013, USA","529","Broome St","New York","NY","US","10013",40.72381889999999,-74.0043125
"529 Hudson St, New York, NY 10014, USA","529","Hudson St","New York","NY","US","10014",40.734193,-74.0065345
"53 W 16th St, New York, NY 10011, USA","53","W 16th St","New York","NY","US","10011",40.738658,-73.995244
"531 3rd Ave, New York, NY 10016, USA","531","3rd Ave","New York","NY","US","10016",40.74650520000001,-73.9772978
"531 Amsterdam Ave, New York, NY 10024, USA","531","Amsterdam Ave","New York","NY","US","10024",40.7873433,-73.975032
"534 E 14th St, New York, NY 10009, USA","534","E 14th St","New York","NY","US","10009",40.729516,-73.9788428
"540 E 14th St, New York, NY 10009, USA","540","E 14th St","New York","NY","US","10009",40.729366,-73.97864299999999
"542 LaGuardia Pl, New York, NY 10012, USA","542","LaGuardia Pl","New York","NY","US","10012",40.7289662,-73.9985351
"545 9th Ave, New York, NY 10018, USA","545","9th Ave","New York","NY","US","10018",40.7574461,-73.9937096
"545 Lenox Ave, New York, NY 10030, USA","545","Lenox Ave","New York","NY","US","10030",40.8158945,-73.93998169999999
"545 Malcolm X Blvd, New York, NY 10030, USA","545","Malcolm X Blvd","New York","NY","US","10030",40.81585589999999,-73.9399147
"549 Riverside Dr, New York, NY 10027, USA","549","Riverside Dr","New York","NY","US","10027",40.81552749999999,-73.9605674
"55 2nd Ave, New York, NY 10003, USA","55","2nd Ave","New York","NY","US","10003",40.7258442,-73.99001439999999
"550 9th Ave, New York, NY 10018, USA","550","9th Ave","New York","NY","US","10018",40.7573872,-73.9930962
"555 Malcolm X Blvd, New York, NY 10037, USA","555","Malcolm X Blvd","New York","NY","US","10037",40.816333,-73.939695
"555 W 23rd St, New York, NY 10011, USA","555","W 23rd St","New York","NY","US","10011",40.7487477,-74.00602889999999
"555 W 53rd St, New York, NY 10019, USA","555","W 53rd St","New York","NY","US","10019",40.76767530000001,-73.9923228
"556 3rd Ave, New York, NY 10016, USA","556","3rd Ave","New York","NY","US","10016",40.7475953,-73.9771396
"559 Grand St, New York, NY 10002, USA","559","Grand St","New York","NY","US","10002",40.7138462,-73.9801098
"56 E 116th St, New York, NY 10029, USA","56","E 116th St","New York","NY","US","10029",40.799528,-73.9445269
"56 E 4th St, Brooklyn, NY 11218, USA","56","E 4th St","undefined","NY","US","11218",40.651272,-73.978223
"560 3rd Ave, New York, NY 10016, USA","560","3rd Ave","New York","NY","US","10016",40.7480839,-73.9767947
"560 Amsterdam Ave, New York, NY 10024, USA","560","Amsterdam Ave","New York","NY","US","10024",40.7885447,-73.974665
"561 10th Ave, New York, NY 10036, USA","561","10th Ave","New York","NY","US","10036",40.7592507,-73.9958844
"568 W 184th St, New York, NY 10033, USA","568","W 184th St","New York","NY","US","10033",40.8508751,-73.9322287
"57 4th Ave, New York, NY 10016, USA","57","4th Ave","New York","NY","US","10016",40.7305584,-73.9901962
"57 W 84th St, New York, NY 10024, USA","57","W 84th St","New York","NY","US","10024",40.78523149999999,-73.9728418
"571 Main St, New York, NY 10044, USA","571","Main St","New York","NY","US","10044",40.762489,-73.9496915
"575 9th Ave, New York, NY 10036, USA","575","9th Ave","New York","NY","US","10036",40.7581968,-73.99304149999999
"580 Amsterdam Ave, New York, NY 10024, USA","580","Amsterdam Ave","New York","NY","US","10024",40.7892703,-73.9741239
"59 1st Avenue, New York, NY 10003, USA","59","1st Avenue","New York","NY","US","10003",40.72513049999999,-73.9874119
"59 St Nicholas Ave, Brooklyn, NY 11237, USA","59","St Nicholas Ave","undefined","NY","US","11237",40.7069841,-73.92023030000001
"590 Amsterdam Ave, New York, NY 10024, USA","590","Amsterdam Ave","New York","NY","US","10024",40.789518,-73.97406699999999
"6 Bethune St, New York, NY 10014, USA","6","Bethune St","New York","NY","US","10014",40.7370207,-74.0061916
"6 Varick St, New York, NY 10013, USA","6","Varick St","New York","NY","US","10013",40.71936780000001,-74.0065893
"60 Avenue A, New York, NY 10009, USA","60","Avenue A","New York","NY","US","10009",40.7243122,-73.9844763
"60 Avenue B, New York, NY 10009, USA","60","Avenue B","New York","NY","US","10009",40.72358810000001,-73.9825917
"60 S 3rd St, Brooklyn, NY 11249, USA","60","S 3rd St","undefined","NY","US","11249",40.7133758,-73.965818
"60 E 97th St, New York, NY 10029, USA","60","E 97th St","New York","NY","US","10029",40.78735400000001,-73.952983
"60 W 75th St, New York, NY 10023, USA","60","W 75th St","New York","NY","US","10023",40.77913290000001,-73.9771004
"60 W 86th St, New York, NY 10024, USA","60","W 86th St","New York","NY","US","10024",40.7861918,-73.971829
"600 W 173rd St, New York, NY 10032, USA","600","W 173rd St","New York","NY","US","10032",40.8439804,-73.9377354
"600 W 42nd St, New York, NY 10036, USA","600","W 42nd St","New York","NY","US","10036",40.7607277,-73.9986643
"601 W 112th St, New York, NY 10025, USA","601","W 112th St","New York","NY","US","10025",40.8058184,-73.9661471
"602 E 14th St, New York, NY 10009, USA","602","E 14th St","New York","NY","US","10009",40.729087,-73.97786099999999
"602 W 149th St, New York, NY 10031, USA","602","W 149th St","New York","NY","US","10031",40.8290112,-73.9492139
"605 Fort Washington Ave, New York, NY 10040, USA","605","Fort Washington Ave","New York","NY","US","10040",40.8554164,-73.9370295
"605 W 158th St, New York, NY 10032, USA","605","W 158th St","New York","NY","US","10032",40.835013,-73.9446895
"608 10th Ave, New York, NY 10036, USA","608","10th Ave","New York","NY","US","10036",40.760654,-73.99440899999999
"609 Columbus Ave, New York, NY 10024, USA","609","Columbus Ave","New York","NY","US","10024",40.7886053,-73.9700829
"61 W 62nd St, New York, NY 10023, USA","61","W 62nd St","New York","NY","US","10023",40.77113260000001,-73.9829673
"61 W 74th St, New York, NY 10023, USA","61","W 74th St","New York","NY","US","10023",40.7787171,-73.9773785
"616 Amsterdam Ave, New York, NY 10024, USA","616","Amsterdam Ave","New York","NY","US","10024",40.7901422,-73.973467
"617 2nd Ave, New York, NY 10016, USA","617","2nd Ave","New York","NY","US","10016",40.74464699999999,-73.97632399999999
"617 E 9th St, New York, NY 10009, USA","617","E 9th St","New York","NY","US","10009",40.7259961,-73.9793789
"617 Malcolm X Blvd, New York, NY 10030, USA","617","Malcolm X Blvd","New York","NY","US","10030",40.81787730000001,-73.93842910000001
"619 Hudson St, New York, NY 10014, USA","619","Hudson St","New York","NY","US","10014",40.73800540000001,-74.0058794
"619 W 175th St, New York, NY 10033, USA","619","W 175th St","New York","NY","US","10033",40.846016,-73.93738499999999
"62 7th Ave S, New York, NY 10014, USA","62","7th Ave S","New York","NY","US","10014",40.73171260000001,-74.0040865
"62 Avenue A, New York, NY 10009, USA","62","Avenue A","New York","NY","US","10009",40.7244033,-73.984551
"62 Bedford St, New York, NY 10014, USA","62","Bedford St","New York","NY","US","10014",40.731146,-74.00451199999999
"62 Hester St, New York, NY 10002, USA","62","Hester St","New York","NY","US","10002",40.7158535,-73.9909539
"62 W 56th St, New York, NY 10019, USA","62","W 56th St","New York","NY","US","10019",40.7632892,-73.9771943
"626 E 14th St, New York, NY 10009, USA","626","E 14th St","New York","NY","US","10009",40.728582,-73.97678499999999
"630 1st Avenue, New York, NY 10016, USA","630","1st Avenue","New York","NY","US","10016",40.7451742,-73.9717613
"648 Amsterdam Ave, New York, NY 10025, USA","648","Amsterdam Ave","New York","NY","US","10025",40.791331,-73.9727259
"650 W 42nd St, New York, NY 10036, USA","650","W 42nd St","New York","NY","US","10036",40.7610401,-74.0002238
"656 10th Ave, New York, NY 10036, USA","656","10th Ave","New York","NY","US","10036",40.76233879999999,-73.9934846
"66 Carmine St, New York, NY 10014, USA","66","Carmine St","New York","NY","US","10014",40.7296089,-74.0042338
"66 N 7th St, Brooklyn, NY 11249, USA","66","N 7th St","undefined","NY","US","11249",40.71988899999999,-73.96137399999999
"66 Park Ave, New York, NY 10016, USA","66","Park Ave","New York","NY","US","10016",40.74958790000001,-73.9799716
"66 W 9th St, New York, NY 10011, USA","66","W 9th St","New York","NY","US","10011",40.73393730000001,-73.9988916
"668 Greenwich St, New York, NY 10014, USA","668","Greenwich St","New York","NY","US","10014",40.7321039,-74.008119
"670 9th Ave, New York, NY 10036, USA","670","9th Ave","New York","NY","US","10036",40.7611459,-73.990276
"671 Amsterdam Ave, New York, NY 10025, USA","671","Amsterdam Ave","New York","NY","US","10025",40.79186139999999,-73.9716013
"674 9th Ave, New York, NY 10036, USA","674","9th Ave","New York","NY","US","10036",40.761256,-73.99016
"68 White St, New York, NY 10013, USA","68","White St","New York","NY","US","10013",40.7183956,-74.0033487
"689 9th Ave, New York, NY 10036, USA","689","9th Ave","New York","NY","US","10036",40.76199700000001,-73.99040099999999
"69 Avenue C, New York, NY 10009, USA","69","Avenue C","New York","NY","US","10009",40.7228951,-73.9800455
"69 Murray Street, New York, NY 10007, USA","69","Murray Street","New York","NY","US","10007",40.71472069999999,-74.01030829999999
"69 W 10th St, New York, NY 10011, USA","69","W 10th St","New York","NY","US","10011",40.73476730000001,-73.9982666
"696 9th Ave, New York, NY 10036, USA","696","9th Ave","New York","NY","US","10036",40.76193900000001,-73.9896629
"7 E 14th St, New York, NY 10003, USA","7","E 14th St","New York","NY","US","10003",40.7358308,-73.99258499999999
"7 Hanover Square, New York, NY 10004, USA","7","Hanover Square","New York","NY","US","10004",40.7039923,-74.00973950000001
"7 Park Ave, New York, NY 10016, USA","7","Park Ave","New York","NY","US","10016",40.7471716,-73.9809544
"70 Sherman Ave, New York, NY 10040, USA","70","Sherman Ave","New York","NY","US","10040",40.86352730000001,-73.9268675
"70 W 93rd St, New York, NY 10025, USA","70","W 93rd St","New York","NY","US","10025",40.7905272,-73.9687582
"70 W 95th St, New York, NY 10025, USA","70","W 95th St","New York","NY","US","10025",40.7917041,-73.9676453
"701 W 177th St, New York, NY 10033, USA","701","W 177th St","New York","NY","US","10033",40.8477925,-73.9383976
"701 W 180th St, New York, NY 10033, USA","701","W 180th St","New York","NY","US","10033",40.84977440000001,-73.9367005
"703 10th Ave, New York, NY 10036, USA","703","10th Ave","New York","NY","US","10036",40.76345999999999,-73.993093
"703 Malcolm X Blvd, New York, NY 10039, USA","703","Malcolm X Blvd","New York","NY","US","10039",40.82088299999999,-73.9364543
"704 9th Ave, New York, NY 10019, USA","704","9th Ave","New York","NY","US","10019",40.7622879,-73.98945669999999
"708 St Nicholas Ave, New York, NY 10031, USA","708","St Nicholas Ave","New York","NY","US","10031",40.82433679999999,-73.94421729999999
"708 W 177th St, New York, NY 10033, USA","708","W 177th St","New York","NY","US","10033",40.8475419,-73.9388644
"71 2nd Ave, New York, NY 10003, USA","71","2nd Ave","New York","NY","US","10003",40.726428,-73.9895319
"71 E 8th St, New York, NY 10003, USA","71","E 8th St","New York","NY","US","10003",40.73087419999999,-73.9928286
"71 University Pl, New York, NY 10003, USA","71","University Pl","New York","NY","US","10003",40.733019,-73.99333299999999
"713 Washington St, New York, NY 10014, USA","713","Washington St","New York","NY","US","10014",40.73523669999999,-74.0082085
"714 2nd Ave, New York, NY 10016, USA","714","2nd Ave","New York","NY","US","10016",40.74737289999999,-73.9737146
"719 2nd Ave, New York, NY 10016, USA","719","2nd Ave","New York","NY","US","10016",40.7478001,-73.9740795
"72 W 69th St, New York, NY 10023, USA","72","W 69th St","New York","NY","US","10023",40.77514779999999,-73.97989749999999
"722 10th Ave, New York, NY 10019, USA","722","10th Ave","New York","NY","US","10019",40.764245,-73.991698
"725 W 181st St, New York, NY 10033, USA","725","W 181st St","New York","NY","US","10033",40.85072189999999,-73.937026
"73 W 83rd St, New York, NY 10024, USA","73","W 83rd St","New York","NY","US","10024",40.784361,-73.973126
"730-732 9th Ave, New York, NY 10019, USA","730-732","9th Ave","New York","NY","US","10019",40.76310489999999,-73.9889477
"74 2nd Ave, New York, NY 10003, USA","74","2nd Ave","New York","NY","US","10003",40.7262185,-73.9890169
"75 E 116th St, New York, NY 10029, USA","75","E 116th St","New York","NY","US","10029",40.79998619999999,-73.9443082
"75 West End Ave, New York, NY 10023, USA","75","West End Ave","New York","NY","US","10023",40.77414110000001,-73.989278
"75 Wall St, New York, NY 10005, USA","75","Wall St","New York","NY","US","10005",40.7051139,-74.0078896
"750 10th Ave, New York, NY 10019, USA","750","10th Ave","New York","NY","US","10019",40.76530959999999,-73.9909711

"754B St Nicholas Ave, New York, NY 10031, USA","754B","St Nicholas Ave","New York","NY","US","10031",40.8258868,-73.9432238
"76-80 Madison St, New York, NY 10002, USA","76-80","Madison St","New York","NY","US","10002",40.7119939,-73.9965284
"762 10th Ave, New York, NY 10019, USA","762","10th Ave","New York","NY","US","10019",40.7656706,-73.9907351
"763 6th Ave, New York, NY 10010, USA","763","6th Ave","New York","NY","US","10010",40.74457200000001,-73.99190999999999
"77 Irving Pl, New York, NY 10003, USA","77","Irving Pl","New York","NY","US","10003",40.7369226,-73.9868281
"778 Broadway, New York, NY 10003, USA","778","Broadway","New York","NY","US","10003",40.7313238,-73.9914057
"78 E 96th St, New York, NY 10128, USA","78","E 96th St","New York","NY","US","10128",40.7866535,-73.9533867
"782 9th Ave, New York, NY 10019, USA","782","9th Ave","New York","NY","US","10019",40.7647674,-73.9877548
"794 9th Ave, New York, NY 10019, USA","794","9th Ave","New York","NY","US","10019",40.7650244,-73.9874521
"8 Spruce St, New York, NY 10038, USA","8","Spruce St","New York","NY","US","10038",40.7108841,-74.0056101

"80 Madison St, New York, NY 10002, USA","80","Madison St","New York","NY","US","10002",40.7120039,-73.9964679
"80 Nagle Ave, New York, NY 10040, USA","80","Nagle Ave","New York","NY","US","10040",40.8606001,-73.9282727
"80 W Broadway, New York, NY 10007, USA","80","W Broadway","New York","NY","US","10007",40.71511099999999,-74.0098103
"803 W 187th St, New York, NY 10040, USA","803","W 187th St","New York","NY","US","10040",40.85536159999999,-73.937151
"808 Columbus Ave, New York, NY 10018, USA","808","Columbus Ave","New York","NY","US","10018",40.79468219999999,-73.96672749999999
"81 Canal St, New York, NY 10002, USA","81","Canal St","New York","NY","US","10002",40.7153841,-73.99298999999999
"81 Eldridge St, New York, NY 10002, USA","81","Eldridge St","New York","NY","US","10002",40.71716600000001,-73.992758
"810 W 187th St, New York, NY 10033, USA","810","W 187th St","New York","NY","US","10033",40.8550914,-73.9374717
"812 W 181st St, New York, NY 10033, USA","812","W 181st St","New York","NY","US","10033",40.8509392,-73.9390568
"812 W 187th St, New York, NY 10033, USA","812","W 187th St","New York","NY","US","10033",40.8551301,-73.93748719999999
"815 W 181st St, New York, NY 10033, USA","815","W 181st St","New York","NY","US","10033",40.8512418,-73.9388912
"827 10th Ave, New York, NY 10019, USA","827","10th Ave","New York","NY","US","10019",40.7677564,-73.9898673
"829 9th Ave, New York, NY 10019, USA","829","9th Ave","New York","NY","US","10019",40.7663719,-73.9871355
"83 E 110th St, New York, NY 10029, USA","83","E 110th St","New York","NY","US","10029",40.7958186,-73.9462805
"83 W 104th St, New York, NY 10025, USA","83","W 104th St","New York","NY","US","10025",40.798005,-73.96337299999999
"840 8th Ave, New York, NY 10019, USA","840","8th Ave","New York","NY","US","10019",40.76240809999999,-73.9853784
"843 2nd Ave, New York, NY 10017, USA","843","2nd Ave","New York","NY","US","10017",40.7519679,-73.97101289999999
"847 Lexington Ave, New York, NY 10065, USA","847","Lexington Ave","New York","NY","US","10065",40.765466,-73.965499
"85 4th Ave, New York, NY 10003, USA","85","4th Ave","New York","NY","US","10003",40.731505,-73.9899313
"853 2nd Ave, New York, NY 10017, USA","853","2nd Ave","New York","NY","US","10017",40.7523485,-73.97078530000002
"865 United Nations Plaza, New York, NY 10017, USA","865","United Nations Plaza","New York","NY","US","10017",40.7530379,-73.967162
"88 Elizabeth St, New York, NY 10013, USA","88","Elizabeth St","New York","NY","US","10013",40.71816400000001,-73.995706
"88 Fulton St, New York, NY 10038, USA","88","Fulton St","New York","NY","US","10038",40.70910060000001,-74.0058365
"880 Lexington Ave, New York, NY 10065, USA","880","Lexington Ave","New York","NY","US","10065",40.76644719999999,-73.9653381
"882 1st Avenue, New York, NY 10022, USA","882","1st Avenue","New York","NY","US","10022",40.7536346,-73.966044
"888 8th Ave, New York, NY 10019, USA","888","8th Ave","New York","NY","US","10019",40.7637495,-73.9846917
"89 Cooper St, New York, NY 10034, USA","89","Cooper St","New York","NY","US","10034",40.86851,-73.92136599999999
"89 Washington St, New York, NY 10006, USA","89","Washington St","New York","NY","US","10006",40.70762149999999,-74.01427679999999
"894 2nd Ave, New York, NY 10017, USA","894","2nd Ave","New York","NY","US","10017",40.7532319,-73.9694667
"897 1st Avenue, New York, NY 10022, USA","897","1st Avenue","New York","NY","US","10022",40.7542978,-73.9661189
"899 1st Avenue, New York, NY 10022, USA","899","1st Avenue","New York","NY","US","10022",40.7543166,-73.96606870000001
"899 8th Ave, New York, NY 10019, USA","899","8th Ave","New York","NY","US","10019",40.7645144,-73.9848768
"9 Stanton St, New York, NY 10002, USA","9","Stanton St","New York","NY","US","10002",40.7224621,-73.99252249999999
"9 Delancey St, New York, NY 10002, USA","9","Delancey St","New York","NY","US","10002",40.7198526,-73.9933343
"90 William St, New York, NY 10038, USA","90","William St","New York","NY","US","10038",40.7080704,-74.0074723
"90 Worth St, New York, NY 10013, USA","90","Worth St","New York","NY","US","10013",40.7161935,-74.00492559999999
"902 St Nicholas Ave, New York, NY 10032, USA","902","St Nicholas Ave","New York","NY","US","10032",40.8310341,-73.9411026
"904 Columbus Ave, New York, NY 10025, USA","904","Columbus Ave","New York","NY","US","10025",40.79815670000001,-73.9639368
"904b Columbus Ave, New York, NY 10025, USA","904b","Columbus Ave","New York","NY","US","10025",40.79820489999999,-73.9638269
"St Nicholas Ave, Flushing, NY 11385, USA","undefined","St Nicholas Ave","undefined","NY","US","11385",40.7041208,-73.9158559
"911 2nd Ave, New York, NY 10017, USA","911","2nd Ave","New York","NY","US","10017",40.7540197,-73.96951589999999
"92 Greenwich St, New York, NY 10013, USA","92","Greenwich St","New York","NY","US","10013",40.72691679999999,-74.00916939999999
"922 Columbus Ave, New York, NY 10025, USA","922","Columbus Ave","New York","NY","US","10025",40.7988507,-73.9634992
"925 8th Ave, New York, NY 10019, USA","925","8th Ave","New York","NY","US","10019",40.76539329999999,-73.9841606
"932 Amsterdam Ave, New York, NY 10025, USA","932","Amsterdam Ave","New York","NY","US","10025",40.800336,-73.966185
"944 1st Avenue, New York, NY 10022, USA","944","1st Avenue","New York","NY","US","10022",40.754899,-73.9650987
"944 Amsterdam Ave, New York, NY 10025, USA","944","Amsterdam Ave","New York","NY","US","10025",40.8009497,-73.9655971
"91-95 Reade St, New York, NY 10013, USA","91-95","Reade St","New York","NY","US","10013",40.7154353,-74.008089
"952 1st Avenue, New York, NY 10022, USA","952","1st Avenue","New York","NY","US","10022",40.7553104,-73.9648029
"952 Lexington Ave, New York, NY 10021, USA","952","Lexington Ave","New York","NY","US","10021",40.76883400000001,-73.9635802
"956 1st Avenue, New York, NY 10022, USA","956","1st Avenue","New York","NY","US","10022",40.7553722,-73.96474359999999
"957 Park Ave, New York, NY 10028, USA","957","Park Ave","New York","NY","US","10028",40.77733540000001,-73.95878669999999
"959 1st Avenue, New York, NY 10022, USA","959","1st Avenue","New York","NY","US","10022",40.7556663,-73.9652606
"96 Avenue B, New York, NY 10009, USA","96","Avenue B","New York","NY","US","10009",40.7247112,-73.9817304
"961 Amsterdam Ave, New York, NY 10025, USA","961","Amsterdam Ave","New York","NY","US","10025",40.8010945,-73.964862
"97 1/2 E 7th St, New York, NY 10009, USA","97 1/2","E 7th St","New York","NY","US","10009",40.7269241,-73.9850565
"97 Avenue A, New York, NY 10009, USA","97","Avenue A","New York","NY","US","10009",40.7257406,-73.9841209
"971 Columbus Ave, New York, NY 10025, USA","971","Columbus Ave","New York","NY","US","10025",40.8002069,-73.9618117
"972 Lexington Ave, New York, NY 10021, USA","972","Lexington Ave","New York","NY","US","10021",40.7696403,-73.9629951
"972 Amsterdam Ave, New York, NY 10025, USA","972","Amsterdam Ave","New York","NY","US","10025",40.8016734,-73.9651592
"973 8th Ave, New York, NY 10019, USA","973","8th Ave","New York","NY","US","10019",40.766993,-73.9829917
"981 Columbus Ave, New York, NY 10025, USA","981","Columbus Ave","New York","NY","US","10025",40.8005627,-73.96163709999999
"983 Amsterdam Ave, New York, NY 10025, USA","983","Amsterdam Ave","New York","NY","US","10025",40.801773,-73.964326
"99 Avenue A, New York, NY 10009, USA","99","Avenue A","New York","NY","US","10009",40.7257937,-73.9840808
"99 John St, New York, NY 10038, USA","99","John St","New York","NY","US","10038",40.7082505,-74.0059699
"99 Park Ave, New York, NY 10016, USA","99","Park Ave","New York","NY","US","10016",40.750384,-73.9784107
"990 1st Avenue, New York, NY 10022, USA","990","1st Avenue","New York","NY","US","10022",40.7565506,-73.9639345
"991 1st Avenue, New York, NY 10022, USA","991","1st Avenue","New York","NY","US","10022",40.7567359,-73.964379